[
	{
		"model": "api.Pathway",
		"pk": 0,
		"fields" :{
			"name": "Artifical Intelligence",
			"desc": "Artificial Intelligence is quickly becoming pervasive in our lives. Study how Artificial Intelligence can benefit from concepts and pkeas from cognitive science, and explore the ways in which Artificial Intelligence is changing our lives.",
			"class_1": [
				1972,
				1140,
				1235
			]
		}
	},
	{
		"model": "api.Pathway",
		"pk": 30,
		"fields" :{
			"name": "Mind, Brain, and Intelligence",
			"desc": "Discover Cognitive Science: a young but fast-growing field focused on the study of mind from the perspectives of philosophy, psychology, neuroscience, linguistics, and artificial intelligence.",
			"class_1": [
				1140,
				1972,
				1235
			]
		}
	}
]

