[
	{
		"name": "AI and Society",
		"category": "IHSS",
		"code": 1972,
		"pathways": [
			0,
			30
		]
	},
	{
		"name": "The American Dream",
		"category": "IHSS",
		"code": 1978,
		"pathways": [
			21,
			26,
			29
		]
	},
	{
		"name": "Are Humans Rational?",
		"category": "IHSS",
		"code": 1235,
		"pathways": [
			0,
			15,
			28,
			30,
			34
		]
	},
	{
		"name": "The Art of Listening",
		"category": "IHSS",
		"code": 1180,
		"pathways": [
			15,
			45
		]
	},
	{
		"name": "Behind the Television Screen",
		"category": "IHSS",
		"code": 1987,
		"pathways": [
			12,
			29,
			44
		]
	},
	{
		"name": "Century of the Gene",
		"category": "IHSS",
		"code": 1410,
		"pathways": [
			21,
			35
		]
	},
	{
		"name": "Designing Climate Justice",
		"category": "IHSS",
		"code": 1961,
		"pathways": [
			13,
			14,
			39
		]
	},
	{
		"name": "Documentary in the 21st Century",
		"category": "IHSS",
		"code": 1964,
		"pathways": [
			4,
			12,
			16,
			21,
			29,
			44
		]
	},
	{
		"name": "Fiction: From Film to the Internet",
		"category": "IHSS",
		"code": 1976,
		"pathways": [
			16,
			26
		]
	},
	{
		"name": "The Genome and You",
		"category": "IHSS",
		"code": 1150,
		"pathways": [
			14,
			19,
			27,
			34,
			35
		]
	},
	{
		"name": "History of Animation",
		"category": "IHSS",
		"code": 1170,
		"pathways": [
			1,
			4
		]
	},
	{
		"name": "History of Design",
		"category": "IHSS",
		"code": 1969,
		"pathways": [
			4
		]
	},
	{
		"name": "History of Jazz and Improv Music",
		"category": "IHSS",
		"code": 1080,
		"pathways": [
			1,
			31,
			32,
			33
		]
	},
	{
		"name": "Human Rights in History",
		"category": "IHSS",
		"code": 1500,
		"pathways": [
			21,
			24
		]
	},
	{
		"name": "Law, Values and Public Policy",
		"category": "IHSS",
		"code": 1350,
		"pathways": [
			13,
			14,
			24
		]
	},
	{
		"name": "Media and Society",
		"category": "IHSS",
		"code": 1560,
		"pathways": [
			16,
			19,
			23,
			29,
			37
		]
	},
	{
		"name": "Minds and Machines",
		"category": "IHSS",
		"code": 1140,
		"pathways": [
			0,
			14,
			15,
			27,
			45
		]
	},
	{
		"name": "Music and Nature",
		"category": "IHSS",
		"code": 1720,
		"pathways": [
			13,
			45
		]
	},
	{
		"name": "Nature and Society",
		"category": "IHSS",
		"code": 1110,
		"pathways": [
			13,
			38,
			45
		]
	},
	{
		"name": "News Media, Culture and Politics",
		"category": "IHSS",
		"code": 1973,
		"pathways": [

		]
	},
	{
		"name": "Popular Music and Society",
		"category": "IHSS",
		"code": 1710,
		"pathways": [
			19,
			31,
			32,
			33
		]
	},
	{
		"name": "Principles of Economics",
		"category": "IHSS",
		"code": 1200,
		"pathways": [
			6,
			7,
			8,
			9,
			10,
			11,
			13,
			15,
			27
		]
	},
	{
		"name": "Race and Film in US Culture and History",
		"category": "IHSS",
		"code": 1300,
		"pathways": [
			1,
			16,
			19,
			44
		]
	},
	{
		"name": "Religion in a Global World",
		"category": "IHSS",
		"code": 1666,
		"pathways": [
			19
		]
	},
	{
		"name": "Songwriting Workshop",
		"category": "IHSS",
		"code": 1700,
		"pathways": [
			1,
			4,
			31,
			32,
			45
		]
	},
	{
		"name": "Sustainability Debates",
		"category": "IHSS",
		"code": 1240,
		"pathways": [
			13,
			38
		]
	},
	{
		"name": "Technology and the Top Ten",
		"category": "IHSS",
		"code": 1958,
		"pathways": [
			29,
			31,
			32,
			44
		]
	},
	{
		"name": "Understanding Empathy",
		"category": "IHSS",
		"code": 1975,
		"pathways": [
			43,
			45
		]
	},
	{
		"name": "Well-Being: Cultivating Curiosity",
		"category": "IHSS",
		"code": 1175,
		"pathways": [
			40,
			45
		]
	}
]